timestamp_s,frequency_mhz,power_w,throttled
0.0000,4907.45,123.34,0
0.0100,4897.93,123.88,0
0.0200,4909.72,126.49,0
0.0300,4922.85,126.22,0
0.0400,4896.49,124.96,0
0.0501,4896.49,125.23,0
0.0601,4923.69,127.56,0
0.0701,4911.51,123.82,0
0.0801,4892.96,126.09,0
0.0901,4908.14,124.60,0
0.1001,4893.05,124.56,0
0.1101,4893.01,127.20,0
0.1201,4903.63,126.65,0
0.1301,4871.30,126.63,0
0.1401,4874.13,127.61,0
0.1502,4891.57,125.04,0
0.1602,4884.81,126.36,0
0.1702,4904.71,124.38,0
0.1802,4886.38,125.65,0
0.1902,4878.82,124.74,0
0.2002,4921.98,125.19,0
0.2102,4896.61,126.19,0
0.2202,4901.01,123.36,0
0.2302,4878.63,129.18,0
0.2402,4891.83,122.99,0
0.2503,4901.66,122.57,0
0.2603,4882.74,127.32,0
0.2703,4905.64,126.58,0
0.2803,4890.99,126.25,0
0.2903,4895.62,126.26,0
0.3003,4890.97,124.98,0
0.3103,4927.78,123.21,0
0.3203,4899.80,125.15,0
0.3303,4884.13,123.65,0
0.3403,4912.34,126.95,0
0.3504,4881.69,124.71,0
0.3604,4903.13,123.35,0
0.3704,4870.60,124.36,0
0.3804,4880.08,125.83,0
0.3904,4902.95,123.87,0
0.4004,4911.08,123.36,0
0.4104,4902.57,125.49,0
0.4204,4898.27,125.49,0
0.4304,4895.48,123.99,0
0.4404,4877.82,124.06,0
0.4505,4889.20,125.46,0
0.4605,4893.09,122.10,0
0.4705,4915.86,122.19,0
0.4805,4905.15,123.56,0
0.4905,4873.55,124.57,0
0.5005,4904.86,125.62,0
0.5105,4894.22,127.95,0
0.5205,4889.85,126.72,0
0.5305,4909.18,124.68,0
0.5405,4915.46,124.96,0
0.5506,4913.97,122.99,0
0.5606,4887.41,124.96,0
0.5706,4895.36,124.42,0
0.5806,4904.97,125.65,0
0.5906,4914.63,123.35,0
0.6006,4892.81,126.04,0
0.6106,4897.22,128.07,0
0.6206,4883.40,124.78,0
0.6306,4882.06,125.80,0
0.6406,4912.19,126.38,0
0.6507,4920.34,124.20,0
0.6607,4898.92,125.45,0
0.6707,4915.05,125.03,0
0.6807,4905.42,125.20,0
0.6907,4890.32,123.45,0
0.7007,4905.42,125.05,0
0.7107,4923.07,126.00,0
0.7207,4899.46,127.90,0
0.7307,4923.47,126.92,0
0.7407,4860.70,129.31,0
0.7508,4912.33,123.47,0
0.7608,4901.31,126.74,0
0.7708,4895.51,125.37,0
0.7808,4901.38,129.38,0
0.7908,4870.19,123.38,0
0.8008,4896.70,123.32,0
0.8108,4905.36,123.80,0
0.8208,4922.17,120.75,0
0.8308,4892.23,123.95,0
0.8408,4887.87,123.48,0
0.8509,4892.47,125.30,0
0.8609,4913.73,125.68,0
0.8709,4904.93,128.75,0
0.8809,4892.05,126.90,0
0.8909,4907.70,123.85,0
0.9009,4901.46,123.20,0
0.9109,4914.53,125.98,0
0.9209,4889.47,122.36,0
0.9309,4895.09,128.66,0
0.9409,4894.12,127.36,0
0.9510,4878.05,124.06,0
0.9610,4904.44,121.57,0
0.9710,4903.92,127.71,0
0.9810,4900.08,124.77,0
0.9910,4896.48,127.48,0
1.0010,4878.77,121.81,0
1.0110,4893.69,123.80,0
1.0210,4894.86,125.01,0
1.0310,4887.97,125.09,0
1.0410,4897.58,124.10,0
1.0511,4906.06,126.25,0
1.0611,4928.29,122.86,0
1.0711,4902.62,124.72,0
1.0811,4903.86,125.24,0
1.0911,4898.88,126.03,0
1.1011,4871.22,126.42,0
1.1111,4899.60,122.75,0
1.1211,4900.90,121.93,0
1.1311,4936.95,127.56,0
1.1411,4897.11,125.66,0
1.1512,4904.52,123.50,0
1.1612,4899.48,128.10,0
1.1712,4882.47,125.23,0
1.1812,4917.14,127.36,0
1.1912,4911.28,125.14,0
1.2012,4911.87,129.12,0
1.2112,4886.36,128.51,0
1.2212,4921.04,124.50,0
1.2312,4878.97,126.94,0
1.2412,4908.80,126.29,0
1.2513,4932.86,127.74,0
1.2613,4885.14,123.07,0
1.2713,4891.51,126.37,0
1.2813,4901.49,127.12,0
1.2913,4892.45,121.48,0
1.3013,4876.74,122.63,0
1.3113,4901.03,120.92,0
1.3213,4884.07,124.46,0
1.3313,4907.10,126.44,0
1.3413,4886.21,128.00,0
1.3514,4923.25,125.15,0
1.3614,4888.25,128.26,0
1.3714,4895.17,122.24,0
1.3814,4912.20,121.59,0
1.3914,4881.54,124.89,0
1.4014,4903.41,125.77,0
1.4114,4919.61,124.93,0
1.4214,4875.89,120.87,0
1.4314,4902.77,124.82,0
1.4414,4903.90,122.39,0
1.4515,4911.73,126.34,0
1.4615,4881.45,125.73,0
1.4715,4880.19,123.12,0
1.4815,4907.83,123.97,0
1.4915,4904.45,122.88,0
1.5015,4903.76,124.87,0
1.5115,4903.86,126.84,0
1.5215,4887.13,122.90,0
1.5315,4899.48,125.81,0
1.5415,4899.06,123.67,0
1.5516,4882.62,123.08,0
1.5616,4919.99,124.39,0
1.5716,4897.77,122.46,0
1.5816,4871.46,123.36,0
1.5916,4897.85,122.00,0
1.6016,4872.05,128.26,0
1.6116,4897.14,124.34,0
1.6216,4901.38,122.80,0
1.6316,4870.36,124.56,0
1.6416,4895.78,123.84,0
1.6517,4886.19,123.56,0
1.6617,4891.00,125.16,0
1.6717,4905.79,125.38,0
1.6817,4872.32,122.74,0
1.6917,4863.36,122.58,0
1.7017,4859.99,123.12,0
1.7117,4859.76,119.00,0
1.7217,4869.51,120.50,0
1.7317,4874.45,126.20,0
1.7417,4872.15,126.69,0
1.7518,4879.07,122.84,0
1.7618,4865.53,124.42,0
1.7718,4885.80,123.82,0
1.7818,4858.70,129.29,0
1.7918,4902.14,125.31,0
1.8018,4869.39,122.74,0
1.8118,4845.81,121.02,0
1.8218,4841.27,119.65,0
1.8318,4863.24,123.21,0
1.8418,4851.31,121.22,0
1.8519,4864.04,119.82,0
1.8619,4859.10,121.31,0
1.8719,4849.57,120.37,0
1.8819,4836.63,125.84,0
1.8919,4825.28,124.16,0
1.9019,4839.97,122.32,0
1.9119,4858.18,125.23,0
1.9219,4847.21,122.35,0
1.9319,4823.98,120.41,0
1.9419,4843.93,125.11,0
1.9520,4845.78,123.08,0
1.9620,4825.41,119.86,0
1.9720,4839.64,121.49,0
1.9820,4836.87,120.05,0
1.9920,4817.52,118.97,0
2.0020,4838.70,123.52,0
2.0120,4840.41,125.42,0
2.0220,4846.91,118.74,0
2.0320,4845.14,122.59,0
2.0420,4807.33,120.10,0
2.0521,4812.60,120.36,0
2.0621,4833.06,120.08,0
2.0721,4831.71,119.47,0
2.0821,4830.39,121.23,0
2.0921,4879.12,119.40,0
2.1021,4828.56,121.54,0
2.1121,4835.70,120.83,0
2.1221,4831.64,120.39,0
2.1321,4825.77,118.98,0
2.1421,4809.94,119.58,0
2.1522,4824.72,122.18,0
2.1622,4800.41,121.60,0
2.1722,4807.11,118.58,0
2.1822,4802.05,120.67,0
2.1922,4809.23,121.90,0
2.2022,4841.39,116.99,0
2.2122,4777.32,121.35,0
2.2222,4814.29,118.87,0
2.2322,4778.48,121.27,0
2.2422,4794.25,118.54,0
2.2523,4816.33,116.39,0
2.2623,4799.63,116.68,0
2.2723,4781.17,119.96,0
2.2823,4785.27,120.32,0
2.2923,4804.86,117.92,0
2.3023,4782.38,120.94,0
2.3123,4795.25,116.28,0
2.3223,4791.35,119.40,0
2.3323,4779.56,117.04,0
2.3423,4820.16,118.10,0
2.3524,4796.18,119.43,0
2.3624,4754.96,117.55,0
2.3724,4786.80,118.43,0
2.3824,4772.74,121.15,0
2.3924,4794.12,117.91,0
2.4024,4768.11,120.67,0
2.4124,4776.95,116.67,0
2.4224,4784.91,119.93,0
2.4324,4788.99,121.68,0
2.4424,4756.66,113.79,0
2.4525,4768.32,117.07,0
2.4625,4764.88,119.75,0
2.4725,4760.87,118.13,0
2.4825,4795.82,119.21,0
2.4925,4774.07,117.19,0
2.5025,4747.75,118.51,0
2.5125,4779.10,117.96,0
2.5225,4795.83,120.54,0
2.5325,4778.15,118.64,0
2.5425,4738.54,118.74,0
2.5526,4752.74,117.18,0
2.5626,4777.67,116.96,0
2.5726,4746.72,117.00,0
2.5826,4762.66,118.59,0
2.5926,4766.29,116.89,0
2.6026,4739.43,118.25,0
2.6126,4751.11,121.75,0
2.6226,4702.05,119.28,0
2.6326,4733.97,116.81,0
2.6426,4744.21,119.80,0
2.6527,4727.95,116.52,0
2.6627,4769.82,113.19,0
2.6727,4722.55,115.18,0
2.6827,4736.07,113.39,0
2.6927,4743.29,116.36,0
2.7027,4761.62,117.04,0
2.7127,4717.13,120.29,0
2.7227,4754.78,117.52,0
2.7327,4736.15,116.36,0
2.7427,4719.94,118.39,0
2.7528,4740.26,112.24,0
2.7628,4734.99,117.07,0
2.7728,4721.66,118.08,0
2.7828,4730.38,113.51,0
2.7928,4722.22,118.69,0
2.8028,4728.37,117.01,0
2.8128,4735.27,115.44,0
2.8228,4747.79,117.47,0
2.8328,4704.10,120.67,0
2.8428,4753.33,116.43,0
2.8529,4690.72,116.50,0
2.8629,4716.39,115.01,0
2.8729,4726.16,114.17,0
2.8829,4720.21,117.46,0
2.8929,4705.33,114.02,0
2.9029,4710.21,115.81,0
2.9129,4704.60,114.64,0
2.9229,4701.83,116.49,0
2.9329,4722.08,116.13,0
2.9429,4713.36,117.48,0
2.9530,4696.27,114.31,0
2.9630,4718.83,114.73,0
2.9730,4708.61,113.24,0
2.9830,4714.86,114.24,0
2.9930,4710.78,115.82,0
3.0030,5007.57,105.39,0
3.0130,5008.70,116.78,0
3.0230,5004.13,119.38,0
3.0330,4992.26,103.78,0
3.0430,4982.21,117.48,0
3.0531,5303.27,19.89,0
3.0631,5301.40,17.75,0
3.0731,5312.23,20.26,0
3.0831,5300.55,21.45,0
3.0931,5302.41,20.45,0
3.1031,4992.10,112.36,0
3.1131,5018.82,116.73,0
3.1231,5015.93,107.44,0
3.1331,4990.10,109.37,0
3.1431,5000.56,115.47,0
3.1532,5291.54,23.06,0
3.1632,5299.21,19.15,0
3.1732,5294.94,16.69,0
3.1832,5304.12,20.15,0
3.1932,5293.55,17.41,0
3.2032,4996.64,118.35,0
3.2132,4997.40,102.48,0
3.2232,4997.54,108.64,0
3.2332,4973.03,109.73,0
3.2432,4997.69,113.48,0
3.2533,5309.24,22.25,0
3.2633,5298.66,17.79,0
3.2733,5312.87,20.12,0
3.2833,5300.07,19.95,0
3.2933,5300.99,19.71,0
3.3033,4994.26,107.27,0
3.3133,4999.67,107.28,0
3.3233,4992.87,110.53,0
3.3333,4997.45,117.52,0
3.3433,4973.49,115.46,0
3.3534,5306.23,15.85,0
3.3634,5298.29,19.26,0
3.3734,5292.96,18.44,0
3.3834,5294.45,23.50,0
3.3934,5304.68,22.54,0
3.4034,5007.22,104.35,0
3.4134,4994.75,112.45,0
3.4234,4987.78,113.56,0
3.4334,4997.60,108.13,0
3.4434,5007.11,112.22,0
3.4535,5298.20,22.32,0
3.4635,5294.59,21.23,0
3.4735,5302.97,19.38,0
3.4835,5301.63,17.50,0
3.4935,5304.62,19.63,0
3.5035,4994.77,115.25,0
3.5135,4992.96,102.96,0
3.5235,4984.43,113.03,0
3.5335,4987.20,118.77,0
3.5435,4979.18,118.48,0
3.5536,5301.06,19.81,0
3.5636,5297.28,20.80,0
3.5736,5299.81,22.21,0
3.5836,5300.57,20.30,0
3.5936,5298.18,19.89,0
3.6036,5003.08,101.45,0
3.6136,4986.52,113.72,0
3.6236,5001.71,109.08,0
3.6336,5000.18,111.74,0
3.6436,4994.60,106.11,0
3.6537,5300.98,18.04,0
3.6637,5302.04,16.59,0
3.6737,5305.15,20.95,0
3.6837,5301.28,21.97,0
3.6937,5308.33,22.03,0
3.7037,4981.59,103.60,0
3.7137,4993.75,110.13,0
3.7237,5005.18,106.37,0
3.7337,5001.87,106.22,0
3.7437,4993.88,102.97,0
3.7538,5295.38,17.30,0
3.7638,5295.12,22.11,0
3.7738,5295.25,25.26,0
3.7838,5302.47,20.37,0
3.7938,5295.71,21.40,0
3.8038,4994.24,110.61,0
3.8138,5025.60,109.52,0
3.8238,5011.49,106.48,0
3.8338,4999.65,118.85,0
3.8438,4993.73,119.06,0
3.8539,5303.54,18.88,0
3.8639,5303.16,21.95,0
3.8739,5303.11,16.86,0
3.8839,5296.36,19.50,0
3.8939,5299.63,21.24,0
3.9039,5001.78,103.32,0
3.9139,5003.80,113.05,0
3.9239,5005.60,115.40,0
3.9339,5008.34,112.30,0
3.9439,4999.30,101.70,0
3.9540,5302.15,20.42,0
3.9640,5301.36,17.45,0
3.9740,5294.59,22.11,0
3.9840,5299.80,21.36,0
3.9940,5300.14,20.06,0
4.0040,5009.38,107.42,0
4.0140,5000.96,107.69,0
4.0240,4995.66,108.45,0
4.0340,5002.22,107.61,0
4.0440,5012.56,105.53,0
4.0541,5299.07,19.12,0
4.0641,5307.23,20.39,0
4.0741,5305.16,17.03,0
4.0841,5301.34,21.78,0
4.0941,5300.41,22.13,0
4.1041,4994.83,117.05,0
4.1141,5022.99,108.19,0
4.1241,4995.54,117.27,0
4.1341,5015.80,107.39,0
4.1441,4995.80,108.59,0
4.1542,5293.28,18.16,0
4.1642,5294.98,18.46,0
4.1742,5299.83,20.47,0
4.1842,5307.75,18.00,0
4.1942,5304.92,19.57,0
4.2042,4999.51,113.37,0
4.2142,4988.77,111.91,0
4.2242,5001.66,112.46,0
4.2342,5002.89,122.28,0
4.2442,4993.62,107.35,0
4.2543,5296.88,18.89,0
4.2643,5296.81,22.38,0
4.2743,5307.10,18.86,0
4.2843,5295.84,20.94,0
4.2943,5297.24,21.27,0
4.3043,5002.03,102.42,0
4.3143,5015.48,118.98,0
4.3243,4993.87,108.06,0
4.3343,5002.86,111.67,0
4.3443,5006.59,120.05,0
4.3544,5299.12,18.40,0
4.3644,5293.10,18.54,0
4.3744,5299.83,23.59,0
4.3844,5297.41,20.45,0
4.3944,5299.92,22.38,0
4.4044,5025.27,107.35,0
4.4144,4995.11,115.22,0
4.4244,5006.82,119.23,0
4.4344,5005.84,108.20,0
4.4444,5005.91,115.54,0
4.4545,5304.10,21.01,0
4.4645,5305.33,22.34,0
4.4745,5306.91,21.30,0
4.4845,5299.16,20.29,0
4.4945,5306.03,18.37,0
4.5045,5003.69,108.03,0
4.5145,5000.29,116.39,0
4.5245,5001.91,110.23,0
4.5345,4986.40,113.73,0
4.5445,5006.45,120.82,0
4.5546,5298.46,20.44,0
4.5646,5301.25,23.15,0
4.5746,5299.52,20.56,0
4.5846,5303.04,20.37,0
4.5946,5297.77,20.39,0
4.6046,5010.74,104.87,0
4.6146,5001.33,106.50,0
4.6246,5011.95,102.38,0
4.6346,4994.41,111.89,0
4.6446,5015.66,109.67,0
4.6547,5297.22,23.76,0
4.6647,5292.76,15.60,0
4.6747,5302.20,19.00,0
4.6847,5294.89,21.42,0
4.6947,5301.22,18.87,0
4.7047,4987.20,114.36,0
4.7147,5006.50,109.50,0
4.7247,5018.47,104.65,0
4.7347,4984.74,106.54,0
4.7447,4999.54,111.22,0
4.7548,5298.79,20.70,0
4.7648,5293.74,22.89,0
4.7748,5299.59,22.23,0
4.7848,5301.71,20.91,0
4.7948,5302.85,20.90,0
4.8048,5006.43,116.65,0
4.8148,5001.97,113.55,0
4.8248,4999.10,117.20,0
4.8348,4993.24,119.00,0
4.8448,4999.60,102.85,0
4.8549,5300.64,18.64,0
4.8649,5304.20,18.69,0
4.8749,5297.77,16.22,0
4.8849,5297.74,15.15,0
4.8949,5292.08,21.52,0
4.9049,5007.86,112.13,0
4.9149,4990.33,109.76,0
4.9249,4999.96,104.21,0
4.9349,5015.03,114.39,0
4.9449,4997.79,110.13,0
4.9550,5301.04,15.92,0
4.9650,5298.76,18.64,0
4.9750,5294.99,19.44,0
4.9850,5308.99,21.28,0
4.9950,5297.14,21.15,0
5.0050,5013.99,114.62,0
5.0150,5000.60,106.77,0
5.0250,5006.98,111.97,0
5.0350,5008.95,113.18,0
5.0450,5010.50,107.32,0
5.0551,5306.59,20.40,0
5.0651,5310.38,18.62,0
5.0751,5308.68,20.40,0
5.0851,5296.74,19.03,0
5.0951,5298.40,20.85,0
5.1051,5005.23,107.13,0
5.1151,4999.76,120.71,0
5.1251,5017.28,112.18,0
5.1351,5000.38,110.60,0
5.1451,5006.14,104.89,0
5.1552,5298.71,16.66,0
5.1652,5302.00,21.29,0
5.1752,5297.58,23.15,0
5.1852,5293.87,17.07,0
5.1952,5301.12,22.09,0
5.2052,5016.84,107.71,0
5.2152,5010.79,109.81,0
5.2252,4998.27,114.42,0
5.2352,5006.52,102.12,0
5.2452,5014.77,116.90,0
5.2553,5296.87,20.79,0
5.2653,5302.47,20.52,0
5.2753,5297.25,18.66,0
5.2853,5299.87,22.35,0
5.2953,5302.72,19.26,0
5.3053,5007.72,95.76,0
5.3153,5011.49,101.30,0
5.3253,4996.38,104.40,0
5.3353,4987.05,115.80,0
5.3453,4995.32,111.73,0
5.3554,5299.77,20.95,0
5.3654,5300.38,17.43,0
5.3754,5304.98,19.01,0
5.3854,5292.22,19.14,0
5.3954,5307.50,21.70,0
5.4054,4996.51,108.25,0
5.4154,4996.78,120.38,0
5.4254,5003.82,112.15,0
5.4354,5010.30,111.19,0
5.4454,4997.41,109.02,0
5.4555,5299.64,19.93,0
5.4655,5303.64,20.10,0
5.4755,5303.66,19.84,0
5.4855,5300.39,16.00,0
5.4955,5304.58,20.69,0
5.5055,5009.98,95.52,0
5.5155,5020.88,109.30,0
5.5255,5011.08,104.80,0
5.5355,5006.13,104.73,0
5.5455,4993.76,119.57,0
5.5556,5299.05,20.43,0
5.5656,5304.35,20.99,0
5.5756,5300.75,20.73,0
5.5856,5312.02,19.88,0
5.5956,5301.01,22.10,0
5.6056,5011.06,115.94,0
5.6156,5006.39,104.28,0
5.6256,5016.33,104.27,0
5.6356,5003.03,106.23,0
5.6456,4999.36,111.64,0
5.6557,5301.61,20.84,0
5.6657,5308.07,20.91,0
5.6757,5298.78,21.93,0
5.6857,5305.95,17.54,0
5.6957,5302.99,21.40,0
5.7057,4997.02,116.88,0
5.7157,4998.50,110.63,0
5.7257,4998.27,110.08,0
5.7357,4989.04,102.80,0
5.7457,5015.95,105.77,0
5.7558,5295.04,15.69,0
5.7658,5296.81,17.35,0
5.7758,5308.21,22.02,0
5.7858,5296.56,24.50,0
5.7958,5304.91,19.35,0
5.8058,4975.01,121.45,0
5.8158,4986.10,101.77,0
5.8258,5010.23,122.20,0
5.8358,5013.84,112.82,0
5.8458,5005.95,114.27,0
5.8559,5303.79,20.56,0
5.8659,5300.52,19.87,0
5.8759,5296.23,19.44,0
5.8859,5291.54,19.80,0
5.8959,5295.06,17.79,0
5.9059,5001.80,116.96,0
5.9159,5009.18,102.15,0
5.9259,4990.10,114.70,0
5.9359,4990.18,108.88,0
5.9459,5005.50,105.16,0
5.9560,5300.53,17.33,0
5.9660,5296.99,20.64,0
5.9760,5292.04,20.88,0
5.9860,5299.90,21.10,0
5.9960,5301.12,22.73,0
6.0060,4943.56,87.06,1
6.0160,4958.15,89.12,1
6.0260,4950.61,91.15,1
6.0360,4940.06,92.80,1
6.0460,4976.24,94.10,1
6.0561,4939.61,95.47,1
6.0661,4963.42,97.11,1
6.0761,4968.72,98.97,1
6.0861,4954.18,100.63,1
6.0961,5171.45,99.05,1
6.1061,5153.10,97.64,1
6.1161,5154.14,95.33,1
6.1261,5148.70,93.42,1
6.1361,5148.53,91.40,1
6.1461,5172.11,88.91,1
6.1562,5136.30,87.19,1
6.1662,5175.80,85.24,1
6.1762,5166.39,83.64,0
6.1862,5144.46,80.80,0
6.1962,5166.28,78.52,0
6.2062,5147.96,76.70,0
6.2162,5139.85,75.00,0
6.2262,5137.76,73.32,0
6.2362,5142.30,71.30,0
6.2462,5134.44,69.19,0
6.2563,4962.50,71.35,0
6.2663,4955.61,72.35,0
6.2763,4931.86,74.97,0
6.2863,4956.29,77.81,0
6.2963,4949.16,79.45,0
6.3063,4951.14,81.73,0
6.3163,4936.19,84.00,0
6.3263,4928.79,86.09,1
6.3363,4936.44,88.03,1
6.3463,4968.54,89.66,1
6.3564,4959.14,92.21,1
6.3664,4945.25,93.66,1
6.3764,4952.13,96.27,1
6.3864,4955.90,99.43,1
6.3964,4945.36,101.52,1
6.4064,5148.48,99.46,1
6.4164,5159.57,97.10,1
6.4264,5136.69,95.50,1
6.4364,5155.08,94.41,1
6.4464,5128.47,92.97,1
6.4565,5174.93,90.77,1
6.4665,5158.38,88.77,1
6.4765,5149.01,86.73,1
6.4865,5147.10,84.27,0
6.4965,5153.22,82.14,0
6.5065,5159.92,80.47,0
6.5165,5142.44,78.56,0
6.5265,5141.02,76.29,0
6.5365,5149.91,74.28,0
6.5465,5154.75,71.74,0
6.5566,5158.18,69.75,0
6.5666,4958.37,72.44,0
6.5766,4930.32,74.45,0
6.5866,4945.42,75.92,0
6.5966,4947.20,77.61,0
6.6066,4957.95,79.64,0
6.6166,4957.30,81.61,0
6.6266,4920.37,83.64,0
6.6366,4947.84,85.17,1
6.6466,4959.00,86.56,1
6.6567,4968.28,89.33,1
6.6667,4972.36,91.22,1
6.6767,4944.94,93.30,1
6.6867,4945.46,94.99,1
6.6967,4952.56,96.80,1
6.7067,4950.05,98.88,1
6.7167,4967.86,101.09,1
6.7267,5135.15,98.62,1
6.7367,5159.34,97.90,1
6.7467,5147.75,96.58,1
6.7568,5131.98,95.16,1
6.7668,5157.59,92.89,1
6.7768,5124.09,91.18,1
6.7868,5153.92,89.46,1
6.7968,5151.83,88.19,1
6.8068,5155.79,86.20,1
6.8168,5140.27,84.14,0
6.8268,5148.41,81.54,0
6.8368,5140.67,79.56,0
6.8468,5141.15,77.78,0
6.8569,5167.12,75.87,0
6.8669,5133.86,74.55,0
6.8769,5147.91,71.82,0
6.8869,5160.40,70.15,0
6.8969,5168.26,68.45,0
6.9069,4942.68,70.79,0
6.9169,4940.91,73.87,0
6.9269,4954.49,76.24,0
6.9369,4973.42,78.89,0
6.9469,4938.70,80.91,0
6.9570,4939.83,83.14,0
6.9670,4952.05,86.15,1
6.9770,4952.77,87.96,1
6.9870,4935.43,89.29,1
6.9970,4940.15,91.89,1
7.0070,4958.05,93.37,1
7.0170,4960.78,95.96,1
7.0270,4938.65,98.46,1
7.0370,4972.52,99.75,1
7.0470,4946.24,101.59,1
7.0571,5155.56,98.92,1
7.0671,5171.65,96.69,1
7.0771,5159.28,95.02,1
7.0871,5152.69,92.99,1
7.0971,5155.08,90.22,1
7.1071,5160.73,87.95,1
7.1171,5141.61,86.14,1
7.1271,5130.34,84.66,0
7.1371,5138.97,81.63,0
7.1471,5147.23,79.74,0
7.1572,5158.16,77.59,0
7.1672,5144.17,75.16,0
7.1772,5152.83,73.24,0
7.1872,5166.07,71.36,0
7.1972,5157.35,69.12,0
7.2072,4967.60,71.45,0
7.2172,4930.55,73.54,0
7.2272,4940.23,75.74,0
7.2372,4958.80,77.48,0
7.2472,4950.32,80.10,0
7.2573,4975.53,82.25,0
7.2673,4989.03,84.37,0
7.2773,4923.59,86.65,1
7.2873,4955.72,89.03,1
7.2973,4960.10,91.67,1
7.3073,4931.64,93.61,1
7.3173,4937.24,95.50,1
7.3273,4958.83,97.21,1
7.3373,4955.92,100.05,1
7.3473,5154.45,98.64,1
7.3574,5143.90,96.05,1
7.3674,5150.15,94.11,1
7.3774,5156.48,92.50,1
7.3874,5154.20,90.57,1
7.3974,5145.63,89.01,1
7.4074,5146.27,86.65,1
7.4174,5146.00,83.78,0
7.4274,5159.33,81.67,0
7.4374,5132.39,80.38,0
7.4474,5162.63,79.14,0
7.4575,5175.58,77.42,0
7.4675,5151.85,75.70,0
7.4775,5170.06,72.93,0
7.4875,5162.08,69.90,0
7.4975,4958.89,72.41,0
7.5075,4941.73,74.80,0
7.5175,4949.95,76.39,0
7.5275,4943.20,78.31,0
7.5375,4964.33,80.66,0
7.5475,4972.16,82.70,0
7.5576,4947.10,84.13,0
7.5676,4922.00,85.77,1
7.5776,4948.17,87.73,1
7.5876,4959.46,90.49,1
7.5976,4977.81,91.97,1
7.6076,4958.73,94.58,1
7.6176,4935.61,96.47,1
7.6276,4966.33,98.28,1
7.6376,4973.15,101.23,1
7.6476,5138.80,99.47,1
7.6577,5132.32,97.40,1
7.6677,5148.52,95.24,1
7.6777,5134.05,93.47,1
7.6877,5144.67,91.22,1
7.6977,5121.28,89.80,1
7.7077,5167.72,87.81,1
7.7177,5145.43,84.98,0
7.7277,5154.69,83.29,0
7.7377,5153.02,81.78,0
7.7477,5162.27,79.40,0
7.7578,5147.96,77.45,0
7.7678,5141.73,75.89,0
7.7778,5153.67,74.00,0
7.7878,5141.97,71.55,0
7.7978,5147.29,68.80,0
7.8078,4938.79,70.79,0
7.8178,4963.26,71.58,0
7.8278,4945.78,73.95,0
7.8378,4957.74,75.98,0
7.8478,4942.06,77.20,0
7.8579,4931.19,79.60,0
7.8679,4929.65,81.74,0
7.8779,4949.47,83.98,0
7.8879,4967.47,85.17,1
7.8979,4937.85,86.80,1
7.9079,4967.23,88.90,1
7.9179,4950.93,90.39,1
7.9279,4960.40,92.61,1
7.9379,4944.49,94.70,1
7.9479,4951.29,96.28,1
7.9580,4906.18,97.75,1
7.9680,4963.56,99.96,1
7.9780,4934.85,100.78,1
7.9880,5170.57,98.47,1
7.9980,5142.72,96.46,1
8.0080,5163.75,94.55,1
8.0180,5142.01,92.88,1
8.0280,5140.47,91.12,1
8.0380,5166.25,89.06,1
8.0480,5147.48,86.90,1
8.0581,5134.37,85.04,1
8.0681,5149.22,82.60,0
8.0781,5181.93,80.69,0
8.0881,5142.48,78.54,0
8.0981,5161.48,76.75,0
8.1081,5135.62,74.70,0
8.1181,5143.32,72.24,0
8.1281,5160.80,69.30,0
8.1381,4969.22,71.08,0
8.1481,4962.79,73.11,0
8.1582,4937.30,75.35,0
8.1682,4965.45,77.03,0
8.1782,4943.95,78.86,0
8.1882,4956.35,80.39,0
8.1982,4933.99,83.42,0
8.2082,4971.18,85.43,1
8.2182,4956.79,87.39,1
8.2282,4956.42,88.86,1
8.2382,4964.79,90.77,1
8.2482,4988.84,93.36,1
8.2583,4954.89,95.65,1
8.2683,4944.70,97.75,1
8.2783,4945.57,99.92,1
8.2883,4969.76,102.00,1
8.2983,5161.40,100.50,1
8.3083,5148.82,97.84,1
8.3183,5143.92,96.91,1
8.3283,5149.77,94.26,1
8.3383,5144.95,92.76,1
8.3483,5155.47,90.34,1
8.3584,5146.33,88.46,1
8.3684,5140.78,86.65,1
8.3784,5146.78,83.84,0
8.3884,5165.21,81.24,0
8.3984,5145.68,78.74,0
8.4084,5149.76,76.53,0
8.4184,5153.24,74.99,0
8.4284,5161.88,73.58,0
8.4384,5152.01,71.81,0
8.4484,5147.41,69.67,0
8.4585,4942.88,71.96,0
8.4685,4929.81,74.40,0
8.4785,4979.08,76.46,0
8.4885,4939.83,77.96,0
8.4985,4952.69,80.22,0
8.5085,4957.34,82.39,0
8.5185,4966.65,84.71,0
8.5285,4946.38,86.91,1
8.5385,4978.50,89.25,1
8.5485,4935.38,91.18,1
8.5586,4948.19,93.74,1
8.5686,4962.71,94.65,1
8.5786,4948.64,96.38,1
8.5886,4952.86,98.55,1
8.5986,4943.47,100.90,1
8.6086,5147.40,98.65,1
8.6186,5156.15,96.28,1
8.6286,5160.86,94.74,1
8.6386,5158.08,93.01,1
8.6486,5168.38,90.83,1
8.6587,5146.51,88.94,1
8.6687,5146.97,86.95,1
8.6787,5133.84,84.55,0
8.6887,5139.32,83.08,0
8.6987,5167.11,80.60,0
8.7087,5148.31,78.65,0
8.7187,5161.62,76.62,0
8.7287,5152.38,75.08,0
8.7387,5155.01,72.60,0
8.7487,5160.01,70.50,0
8.7588,5156.78,69.85,0
8.7688,4922.54,71.53,0
8.7788,4970.60,73.78,0
8.7888,4964.29,75.71,0
8.7988,4969.72,78.52,0
8.8088,4961.13,81.34,0
8.8188,4925.97,83.38,0
8.8288,4937.35,85.25,1
8.8388,4947.36,88.34,1
8.8488,4958.27,90.40,1
8.8589,4975.43,92.42,1
8.8689,4952.92,94.11,1
8.8789,4930.20,95.74,1
8.8889,4949.44,97.43,1
8.8989,4939.61,99.22,1
8.9089,4948.75,100.52,1
8.9189,5157.60,99.27,1
8.9289,5135.42,97.23,1
8.9389,5142.48,95.38,1
8.9489,5163.40,93.22,1
8.9590,5151.15,92.16,1
8.9690,5156.71,90.24,1
8.9790,5142.48,88.13,1
8.9890,5142.04,86.29,1
8.9990,5150.21,83.75,0
9.0090,5149.39,80.80,0
9.0190,5134.86,79.16,0
9.0290,5134.16,78.06,0
9.0390,5155.09,75.93,0
9.0490,5158.95,74.72,0
9.0591,5151.47,72.96,0
9.0691,5158.97,70.15,0
9.0791,5141.09,68.29,0
9.0891,4939.21,69.21,0
9.0991,4935.19,71.10,0
9.1091,4951.15,73.04,0
9.1191,4940.25,74.93,0
9.1291,4956.63,77.01,0
9.1391,4971.16,78.47,0
9.1491,4950.28,80.42,0
9.1592,4953.50,82.77,0
9.1692,4954.31,85.25,1
9.1792,4955.42,86.94,1
9.1892,4951.63,88.37,1
9.1992,4946.88,90.35,1
9.2092,4921.77,92.29,1
9.2192,4951.39,94.01,1
9.2292,4934.58,96.09,1
9.2392,4937.01,98.73,1
9.2492,4956.41,101.21,1
9.2593,5167.75,99.53,1
9.2693,5159.19,98.13,1
9.2793,5143.29,95.63,1
9.2893,5147.50,92.93,1
9.2993,5152.60,90.79,1
9.3093,5158.11,88.86,1
9.3193,5132.51,86.46,1
9.3293,5133.38,83.81,0
9.3393,5161.27,81.29,0
9.3493,5145.89,79.84,0
9.3594,5147.85,78.39,0
9.3694,5157.80,76.54,0
9.3794,5163.96,73.89,0
9.3894,5147.91,72.17,0
9.3994,5141.94,71.01,0
9.4094,5166.16,68.53,0
9.4194,4941.11,69.91,0
9.4294,4954.20,71.90,0
9.4394,4956.36,73.49,0
9.4494,4949.78,75.26,0
9.4595,4950.10,77.53,0
9.4695,4948.36,79.31,0
9.4795,4944.45,81.27,0
9.4895,4973.98,83.14,0
9.4995,4945.57,85.42,1
9.5095,4944.99,87.77,1
9.5195,4955.54,90.35,1
9.5295,4956.72,92.30,1
9.5395,4933.10,93.52,1
9.5495,4952.14,94.92,1
9.5596,4983.47,97.79,1
9.5696,4957.51,100.10,1
9.5796,5144.57,99.00,1
9.5896,5143.79,97.40,1
9.5996,5145.28,95.48,1
9.6096,5157.48,94.47,1
9.6196,5152.39,93.01,1
9.6296,5140.81,89.97,1
9.6396,5147.14,89.24,1
9.6496,5169.58,86.69,1
9.6597,5154.97,85.30,1
9.6697,5148.94,83.53,0
9.6797,5134.97,80.21,0
9.6897,5154.68,78.08,0
9.6997,5150.98,75.54,0
9.7097,5146.08,73.39,0
9.7197,5146.57,71.25,0
9.7297,5146.30,68.94,0
9.7397,4949.56,71.13,0
9.7497,4949.23,73.69,0
9.7598,4968.93,74.81,0
9.7698,4940.19,76.35,0
9.7798,4970.62,78.06,0
9.7898,4997.07,78.99,0
9.7998,4953.35,81.52,0
9.8098,4954.28,83.49,0
9.8198,4959.68,85.75,1
9.8298,4951.34,88.03,1
9.8398,4947.73,89.93,1
9.8498,4967.01,91.83,1
9.8599,4905.89,94.13,1
9.8699,4952.92,96.46,1
9.8799,4944.17,98.45,1
9.8899,4964.21,101.01,1
9.8999,5154.07,99.40,1
9.9099,5136.20,97.88,1
9.9199,5158.62,96.19,1
9.9299,5155.13,93.72,1
9.9399,5155.16,91.36,1
9.9499,5154.32,89.68,1
9.9600,5157.54,87.28,1
9.9700,5157.08,84.68,0
9.9800,5160.70,82.51,0
9.9900,5141.18,80.52,0
10.0000,5142.55,78.60,0
